"wmc","dit","noc","cbo","rfc","lcom","ca","ce","npm","lcom3","loc","dam","moa","mfa","cam","ic","cbm","amc","max_cc","avg_cc","bug"
"1.3862944","1.7917595","0.0","1.7917595","3.218876","1.3862944","0.0","1.7917595","1.3862944","1.0986123","5.6240177","0.0","0.0","0.65924567","0.4054651","0.6931472","0.6931472","4.5217886","0.6931472","0.5108456","No"
"1.0986123","1.7917595","0.0","1.9459101","2.5649493","0.6931472","0.0","1.9459101","1.0986123","1.0986123","3.7841897","0.0","0.0","0.65924567","0.5596158","0.6931472","0.6931472","3.068053","0.6931472","0.4054651","Yes"
"2.3978953","1.3862944","0.0","2.8903718","3.7612002","3.637586","0.0","2.8903718","1.7917595","0.6554069","5.8318825","0.6931472","0.6931472","0.4054651","0.31237468","0.6931472","0.6931472","3.508556","1.3862944","0.7884574","No"
"2.0794415","0.6931472","0.0","1.609438","2.8332133","3.0910425","1.0986123","1.0986123","1.7917595","0.77318984","4.6821313","0.5596158","0.0","0.0","0.21357414","0.0","0.0","2.688819","1.7917595","0.8873149","No"
"2.0794415","1.609438","0.0","1.7917595","3.8066626","3.0910425","1.609438","1.0986123","2.0794415","1.0986123","5.3936276","0.0","0.0","0.64185387","0.26966357","1.0986123","1.9459101","3.4431617","1.7917595","0.99853414","No"
"1.7917595","1.609438","0.0","2.5649493","3.0445225","1.9459101","0.0","2.5649493","1.3862944","0.4054651","4.4886365","0.6931472","0.0","0.5819216","0.3364722","0.6931472","0.6931472","2.8449094","0.6931472","0.5877866","No"
